url,linkText,paragraphText,ranking
https://gerozayas.notion.site/B2-First-FCE-Preparation-Resources-74254eeb36b0497681cdce956b313052?pvs=4,B2 First FCE Preparation Resources,üêØ Another Collection of mine,‚≠ê‚≠ê‚≠ê‚≠ê‚≠ê
https://www.englishrevealed.co.uk/fce_vocabulary.php,English Revealed - FCE Vocabulary,ü•ï Excellent resource!,‚≠ê‚≠ê‚≠ê‚≠ê‚≠ê
https://www.languages247.com/first-b2-course-index/,Languages 247 - Full FCE Course,ü¶í Amazing Resource - FULL Course,‚≠ê‚≠ê‚≠ê‚≠ê‚≠ê
https://app.useofenglishpro.com/,Use of English Pro - App (for üì± Mobile and üñ•Ô∏è Desktop),üí∞PAID Resource - Great Use of English - Vocabulary - Grammar App for FCE and CAE Preparation,‚≠ê‚≠ê‚≠ê‚≠ê‚≠ê
https://tefltastic.wordpress.com/worksheets/exams/cambridge-exams/fce/,TEFLtastic - FCE Worksheets,ü§ì Lots of Downloadable PDFs,‚≠ê‚≠ê‚≠ê‚≠ê
https://www.fceexamtips.com/,FCE Exam Tips,,‚≠ê‚≠ê‚≠ê‚≠ê
http://frenglish.ru/fce_books.html,Frenglish - Download FCE Books,‚¨áÔ∏è Download Full Books in PDF,‚≠ê‚≠ê‚≠ê‚≠ê
https://youtube.com/playlist?list=PLEHBbj8NPA2yW8wXo-W5DgAZYT3zBMcmG&si=K31UhqVeO36qZ599,FCE YouTube Playlist,,‚≠ê‚≠ê‚≠ê‚≠ê
http://effectivenglish.com/?p=105,Effective English - FCE Docs,‚¨áÔ∏è Download lost of Docs related to practice for FCE,‚≠ê‚≠ê‚≠ê‚≠ê
https://youtube.com/playlist?list=PL6e-7-KQEXLWi6wMsxzKegBBsBXU7uKOc&si=egGoHKNRaQO8Wwjn,FCE YouTube Playlist,,‚≠ê‚≠ê‚≠ê‚≠ê
https://b2firstexampreparation.com/,B2 First Exam Preparation,,‚≠ê‚≠ê‚≠ê‚≠ê
https://www.baamboozle.com/tag/fce,Baamboozle Games - FCE,üöú Great way to practice for FCE in Groups,‚≠ê‚≠ê‚≠ê‚≠ê
https://www.esleschool.com/b2-first-fce-exam-practice/,üöÇ ESL School - B2 First,Great Interactive Exercises for B2 First,‚≠ê‚≠ê‚≠ê‚≠ê
https://www.lessonplansdigger.com/category/lesson-plans/fce/,Lesson Plans Digger - Fce Lessons,,‚≠ê‚≠ê‚≠ê
https://teflgeek.net/exam-classes/fce-online-resource-directory/,TEFL Geek - FCE Online Resources Directory,,‚≠ê‚≠ê‚≠ê
https://blairexamenglish.com/fce-articles-and-things,Blair Exam English - FCE Articles and more,,‚≠ê‚≠ê‚≠ê
https://www.fceexamtips.com/articles/first-certificate-speaking-questions-part-1,FCE Exam Tips - 91 FCE Speaking Test Part 1 Questions,,‚≠ê‚≠ê‚≠ê